model_id,sample_index,stratum_id,sample_within_stratum,facade_configuration,reference_orientation,active_facades,window_type,sill_height_m,window_width_m,window_height_m,overhang_present,overhang_depth_m,overhang_length_m
model_001,1,adjacent_east_south__conventional__no_overhang,1,two_adjacent,east,east;south,conventional,0.9,1.15,0.9,False,0.0,1.15
model_002,2,adjacent_north_east__floor_to_ceiling__no_overhang,1,two_adjacent,north,north;east,floor_to_ceiling,0.0,0.98,3.0,False,0.0,0.98
model_003,3,three_east_south_west__conventional__no_overhang,1,three_facades,south,east;south;west,conventional,0.9,2.32,1.01,False,0.0,2.32
model_004,4,single_north__floor_to_ceiling__no_overhang,1,single,north,north,floor_to_ceiling,0.0,1.6,3.0,False,0.0,1.6
model_005,5,single_north__conventional__overhang,1,single,north,north,conventional,0.9,2.35,1.77,True,0.72,2.35
model_006,6,three_north_south_west__floor_to_ceiling__overhang,1,three_facades,west,north;south;west,floor_to_ceiling,0.0,1.94,3.0,True,1.44,1.94
model_007,7,three_north_east_west__conventional__overhang,1,three_facades,north,north;east;west,conventional,0.9,1.37,1.37,True,1.01,1.37
model_008,8,opposite_north_south__conventional__no_overhang,1,two_opposite,north,north;south,conventional,0.9,2.17,1.96,False,0.0,2.17
model_009,9,adjacent_west_north__floor_to_ceiling__no_overhang,1,two_adjacent,west,west;north,floor_to_ceiling,0.0,1.17,3.0,False,0.0,1.17
model_010,10,single_south__floor_to_ceiling__overhang,1,single,south,south,floor_to_ceiling,0.0,2.26,3.0,True,0.46,2.26
model_011,11,three_north_east_south__conventional__no_overhang,1,three_facades,east,north;east;south,conventional,0.9,2.01,1.94,False,0.0,2.01
model_012,12,opposite_east_west__conventional__overhang,1,two_opposite,east,east;west,conventional,0.9,0.78,1.73,True,0.78,0.78
model_013,13,opposite_east_west__floor_to_ceiling__no_overhang,1,two_opposite,east,east;west,floor_to_ceiling,0.0,1.2,3.0,False,0.0,1.2
model_014,14,three_north_east_south__floor_to_ceiling__no_overhang,1,three_facades,east,north;east;south,floor_to_ceiling,0.0,0.66,3.0,False,0.0,0.66
model_015,15,single_west__floor_to_ceiling__no_overhang,1,single,west,west,floor_to_ceiling,0.0,1.71,3.0,False,0.0,1.71
model_016,16,single_west__floor_to_ceiling__overhang,1,single,west,west,floor_to_ceiling,0.0,1.28,3.0,True,1.23,1.28
model_017,17,three_north_south_west__conventional__no_overhang,1,three_facades,west,north;south;west,conventional,0.9,2.05,0.66,False,0.0,2.05
model_018,18,three_north_east_west__conventional__no_overhang,1,three_facades,north,north;east;west,conventional,0.9,0.63,0.98,False,0.0,0.63
model_019,19,opposite_east_west__floor_to_ceiling__overhang,1,two_opposite,east,east;west,floor_to_ceiling,0.0,2.0,3.0,True,0.32,2.0
model_020,20,three_north_east_west__floor_to_ceiling__overhang,1,three_facades,north,north;east;west,floor_to_ceiling,0.0,0.89,3.0,True,1.19,0.89
model_021,21,single_north__floor_to_ceiling__overhang,1,single,north,north,floor_to_ceiling,0.0,1.41,3.0,True,0.46,1.41
model_022,22,adjacent_south_west__floor_to_ceiling__no_overhang,1,two_adjacent,south,south;west,floor_to_ceiling,0.0,1.08,3.0,False,0.0,1.08
model_023,23,adjacent_north_east__floor_to_ceiling__overhang,1,two_adjacent,north,north;east,floor_to_ceiling,0.0,1.76,3.0,True,0.35,1.76
model_024,24,adjacent_west_north__conventional__no_overhang,1,two_adjacent,west,west;north,conventional,0.9,1.12,1.26,False,0.0,1.12
model_025,25,three_north_south_west__floor_to_ceiling__no_overhang,1,three_facades,west,north;south;west,floor_to_ceiling,0.0,1.3,3.0,False,0.0,1.3
model_026,26,adjacent_east_south__floor_to_ceiling__overhang,1,two_adjacent,east,east;south,floor_to_ceiling,0.0,0.98,3.0,True,0.51,0.98
model_027,27,single_south__conventional__overhang,1,single,south,south,conventional,0.9,2.33,1.63,True,0.41,2.33
model_028,28,adjacent_south_west__conventional__no_overhang,1,two_adjacent,south,south;west,conventional,0.9,1.47,1.14,False,0.0,1.47
model_029,29,single_west__conventional__no_overhang,1,single,west,west,conventional,0.9,2.27,0.86,False,0.0,2.27
model_030,30,three_east_south_west__floor_to_ceiling__no_overhang,1,three_facades,south,east;south;west,floor_to_ceiling,0.0,2.3,3.0,False,0.0,2.3
model_031,31,three_north_east_west__floor_to_ceiling__no_overhang,1,three_facades,north,north;east;west,floor_to_ceiling,0.0,1.59,3.0,False,0.0,1.59
model_032,32,adjacent_north_east__conventional__overhang,1,two_adjacent,north,north;east,conventional,0.9,1.94,1.01,True,1.11,1.94
model_033,33,single_south__conventional__no_overhang,1,single,south,south,conventional,0.9,0.83,1.38,False,0.0,0.83
model_034,34,single_east__floor_to_ceiling__overhang,1,single,east,east,floor_to_ceiling,0.0,0.71,3.0,True,0.66,0.71
model_035,35,adjacent_east_south__floor_to_ceiling__no_overhang,1,two_adjacent,east,east;south,floor_to_ceiling,0.0,2.03,3.0,False,0.0,2.03
model_036,36,three_north_east_south__conventional__overhang,1,three_facades,east,north;east;south,conventional,0.9,1.35,1.68,True,1.34,1.35
model_037,37,single_east__floor_to_ceiling__no_overhang,1,single,east,east,floor_to_ceiling,0.0,2.04,3.0,False,0.0,2.04
model_038,38,single_north__conventional__no_overhang,1,single,north,north,conventional,0.9,2.29,1.32,False,0.0,2.29
model_039,39,opposite_north_south__floor_to_ceiling__no_overhang,1,two_opposite,north,north;south,floor_to_ceiling,0.0,0.95,3.0,False,0.0,0.95
model_040,40,adjacent_south_west__conventional__overhang,1,two_adjacent,south,south;west,conventional,0.9,1.32,1.52,True,1.38,1.32
model_041,41,three_north_east_south__floor_to_ceiling__overhang,1,three_facades,east,north;east;south,floor_to_ceiling,0.0,1.67,3.0,True,0.65,1.67
model_042,42,opposite_north_south__floor_to_ceiling__overhang,1,two_opposite,north,north;south,floor_to_ceiling,0.0,0.84,3.0,True,0.65,0.84
model_043,43,adjacent_north_east__conventional__no_overhang,1,two_adjacent,north,north;east,conventional,0.9,1.65,1.15,False,0.0,1.65
model_044,44,opposite_north_south__conventional__overhang,1,two_opposite,north,north;south,conventional,0.9,1.19,1.73,True,0.8,1.19
model_045,45,adjacent_west_north__floor_to_ceiling__overhang,1,two_adjacent,west,west;north,floor_to_ceiling,0.0,1.28,3.0,True,0.44,1.28
model_046,46,three_east_south_west__conventional__overhang,1,three_facades,south,east;south;west,conventional,0.9,0.68,1.62,True,0.33,0.68
model_047,47,single_east__conventional__overhang,1,single,east,east,conventional,0.9,0.78,0.82,True,0.91,0.78
model_048,48,adjacent_west_north__conventional__overhang,1,two_adjacent,west,west;north,conventional,0.9,0.92,0.8,True,1.4,0.92
model_049,49,three_east_south_west__floor_to_ceiling__overhang,1,three_facades,south,east;south;west,floor_to_ceiling,0.0,0.99,3.0,True,0.82,0.99
model_050,50,adjacent_south_west__floor_to_ceiling__overhang,1,two_adjacent,south,south;west,floor_to_ceiling,0.0,2.36,3.0,True,1.3,2.36
model_051,51,opposite_east_west__conventional__no_overhang,1,two_opposite,east,east;west,conventional,0.9,1.76,1.67,False,0.0,1.76
model_052,52,three_north_south_west__conventional__overhang,1,three_facades,west,north;south;west,conventional,0.9,1.63,0.89,True,0.9,1.63
model_053,53,single_east__conventional__no_overhang,1,single,east,east,conventional,0.9,0.64,1.41,False,0.0,0.64
model_054,54,adjacent_east_south__conventional__overhang,1,two_adjacent,east,east;south,conventional,0.9,1.38,1.35,True,0.72,1.38
model_055,55,single_west__conventional__overhang,1,single,west,west,conventional,0.9,1.9,1.46,True,1.18,1.9
model_056,56,single_south__floor_to_ceiling__no_overhang,1,single,south,south,floor_to_ceiling,0.0,1.94,3.0,False,0.0,1.94
model_057,57,three_north_east_west__conventional__no_overhang,2,three_facades,north,north;east;west,conventional,0.9,1.63,0.64,False,0.0,1.63
model_058,58,three_north_south_west__conventional__overhang,2,three_facades,west,north;south;west,conventional,0.9,2.36,1.75,True,0.4,2.36
model_059,59,adjacent_west_north__floor_to_ceiling__no_overhang,2,two_adjacent,west,west;north,floor_to_ceiling,0.0,2.29,3.0,False,0.0,2.29
model_060,60,three_north_east_south__floor_to_ceiling__no_overhang,2,three_facades,east,north;east;south,floor_to_ceiling,0.0,1.72,3.0,False,0.0,1.72
model_061,61,adjacent_east_south__conventional__overhang,2,two_adjacent,east,east;south,conventional,0.9,1.57,2.07,True,0.94,1.57
model_062,62,single_south__floor_to_ceiling__no_overhang,2,single,south,south,floor_to_ceiling,0.0,2.25,3.0,False,0.0,2.25
model_063,63,adjacent_east_south__conventional__no_overhang,2,two_adjacent,east,east;south,conventional,0.9,2.35,1.61,False,0.0,2.35
model_064,64,three_north_east_south__conventional__overhang,2,three_facades,east,north;east;south,conventional,0.9,2.11,1.17,True,1.23,2.11
model_065,65,single_south__floor_to_ceiling__overhang,2,single,south,south,floor_to_ceiling,0.0,1.39,3.0,True,0.85,1.39
model_066,66,opposite_east_west__conventional__no_overhang,2,two_opposite,east,east;west,conventional,0.9,1.46,1.45,False,0.0,1.46
model_067,67,single_west__conventional__no_overhang,2,single,west,west,conventional,0.9,1.1,1.7,False,0.0,1.1
model_068,68,three_north_east_south__conventional__no_overhang,2,three_facades,east,north;east;south,conventional,0.9,1.25,0.9,False,0.0,1.25
model_069,69,three_north_south_west__conventional__no_overhang,2,three_facades,west,north;south;west,conventional,0.9,2.27,1.08,False,0.0,2.27
model_070,70,single_north__conventional__no_overhang,2,single,north,north,conventional,0.9,0.6,1.83,False,0.0,0.6
model_071,71,adjacent_south_west__conventional__overhang,2,two_adjacent,south,south;west,conventional,0.9,2.24,1.12,True,1.16,2.24
model_072,72,single_west__floor_to_ceiling__overhang,2,single,west,west,floor_to_ceiling,0.0,1.82,3.0,True,0.94,1.82
model_073,73,opposite_north_south__conventional__no_overhang,2,two_opposite,north,north;south,conventional,0.9,0.77,0.81,False,0.0,0.77
model_074,74,three_east_south_west__floor_to_ceiling__overhang,2,three_facades,south,east;south;west,floor_to_ceiling,0.0,2.01,3.0,True,1.19,2.01
model_075,75,adjacent_north_east__floor_to_ceiling__overhang,2,two_adjacent,north,north;east,floor_to_ceiling,0.0,2.32,3.0,True,0.94,2.32
model_076,76,adjacent_north_east__conventional__overhang,2,two_adjacent,north,north;east,conventional,0.9,1.43,1.25,True,0.42,1.43
model_077,77,opposite_north_south__conventional__overhang,2,two_opposite,north,north;south,conventional,0.9,1.32,1.58,True,0.46,1.32
model_078,78,three_east_south_west__floor_to_ceiling__no_overhang,2,three_facades,south,east;south;west,floor_to_ceiling,0.0,2.02,3.0,False,0.0,2.02
model_079,79,adjacent_east_south__floor_to_ceiling__overhang,2,two_adjacent,east,east;south,floor_to_ceiling,0.0,2.2,3.0,True,0.77,2.2
model_080,80,single_east__floor_to_ceiling__overhang,2,single,east,east,floor_to_ceiling,0.0,2.35,3.0,True,1.29,2.35
model_081,81,three_north_south_west__floor_to_ceiling__overhang,2,three_facades,west,north;south;west,floor_to_ceiling,0.0,1.45,3.0,True,1.01,1.45
model_082,82,adjacent_north_east__conventional__no_overhang,2,two_adjacent,north,north;east,conventional,0.9,1.94,1.38,False,0.0,1.94
model_083,83,opposite_east_west__floor_to_ceiling__no_overhang,2,two_opposite,east,east;west,floor_to_ceiling,0.0,2.17,3.0,False,0.0,2.17
model_084,84,single_north__floor_to_ceiling__no_overhang,2,single,north,north,floor_to_ceiling,0.0,0.9,3.0,False,0.0,0.9
model_085,85,single_north__floor_to_ceiling__overhang,2,single,north,north,floor_to_ceiling,0.0,2.2,3.0,True,0.78,2.2
model_086,86,single_west__floor_to_ceiling__no_overhang,2,single,west,west,floor_to_ceiling,0.0,1.35,3.0,False,0.0,1.35
model_087,87,three_north_south_west__floor_to_ceiling__no_overhang,2,three_facades,west,north;south;west,floor_to_ceiling,0.0,2.29,3.0,False,0.0,2.29
model_088,88,single_south__conventional__no_overhang,2,single,south,south,conventional,0.9,2.35,1.15,False,0.0,2.35
model_089,89,adjacent_east_south__floor_to_ceiling__no_overhang,2,two_adjacent,east,east;south,floor_to_ceiling,0.0,2.24,3.0,False,0.0,2.24
model_090,90,single_east__conventional__overhang,2,single,east,east,conventional,0.9,2.13,1.57,True,0.52,2.13
model_091,91,opposite_east_west__floor_to_ceiling__overhang,2,two_opposite,east,east;west,floor_to_ceiling,0.0,2.32,3.0,True,1.25,2.32
model_092,92,adjacent_west_north__conventional__overhang,2,two_adjacent,west,west;north,conventional,0.9,1.53,0.73,True,0.97,1.53
model_093,93,three_north_east_west__floor_to_ceiling__no_overhang,2,three_facades,north,north;east;west,floor_to_ceiling,0.0,0.76,3.0,False,0.0,0.76
model_094,94,opposite_north_south__floor_to_ceiling__overhang,2,two_opposite,north,north;south,floor_to_ceiling,0.0,1.39,3.0,True,0.78,1.39
model_095,95,three_north_east_south__floor_to_ceiling__overhang,2,three_facades,east,north;east;south,floor_to_ceiling,0.0,1.7,3.0,True,1.43,1.7
model_096,96,single_west__conventional__overhang,2,single,west,west,conventional,0.9,1.0,1.84,True,0.83,1.0
model_097,97,adjacent_south_west__floor_to_ceiling__no_overhang,2,two_adjacent,south,south;west,floor_to_ceiling,0.0,2.29,3.0,False,0.0,2.29
model_098,98,adjacent_south_west__conventional__no_overhang,2,two_adjacent,south,south;west,conventional,0.9,1.66,0.83,False,0.0,1.66
model_099,99,adjacent_west_north__floor_to_ceiling__overhang,2,two_adjacent,west,west;north,floor_to_ceiling,0.0,1.71,3.0,True,1.21,1.71
model_100,100,single_south__conventional__overhang,2,single,south,south,conventional,0.9,1.92,1.1,True,1.21,1.92
model_101,101,three_east_south_west__conventional__overhang,2,three_facades,south,east;south;west,conventional,0.9,2.26,1.1,True,0.9,2.26
model_102,102,adjacent_south_west__floor_to_ceiling__overhang,2,two_adjacent,south,south;west,floor_to_ceiling,0.0,1.7,3.0,True,0.59,1.7
model_103,103,opposite_north_south__floor_to_ceiling__no_overhang,2,two_opposite,north,north;south,floor_to_ceiling,0.0,0.67,3.0,False,0.0,0.67
model_104,104,adjacent_north_east__floor_to_ceiling__no_overhang,2,two_adjacent,north,north;east,floor_to_ceiling,0.0,0.8,3.0,False,0.0,0.8
model_105,105,single_east__conventional__no_overhang,2,single,east,east,conventional,0.9,2.28,1.95,False,0.0,2.28
model_106,106,opposite_east_west__conventional__overhang,2,two_opposite,east,east;west,conventional,0.9,1.87,1.09,True,0.32,1.87
model_107,107,adjacent_west_north__conventional__no_overhang,2,two_adjacent,west,west;north,conventional,0.9,1.58,1.67,False,0.0,1.58
model_108,108,three_east_south_west__conventional__no_overhang,2,three_facades,south,east;south;west,conventional,0.9,2.01,2.0,False,0.0,2.01
model_109,109,three_north_east_west__floor_to_ceiling__overhang,2,three_facades,north,north;east;west,floor_to_ceiling,0.0,2.17,3.0,True,0.78,2.17
model_110,110,three_north_east_west__conventional__overhang,2,three_facades,north,north;east;west,conventional,0.9,1.62,1.81,True,1.35,1.62
model_111,111,single_north__conventional__overhang,2,single,north,north,conventional,0.9,0.98,0.96,True,1.21,0.98
model_112,112,single_east__floor_to_ceiling__no_overhang,2,single,east,east,floor_to_ceiling,0.0,1.83,3.0,False,0.0,1.83
model_113,113,single_north__floor_to_ceiling__overhang,3,single,north,north,floor_to_ceiling,0.0,1.63,3.0,True,0.37,1.63
model_114,114,single_north__conventional__no_overhang,3,single,north,north,conventional,0.9,1.81,1.48,False,0.0,1.81
model_115,115,single_west__floor_to_ceiling__no_overhang,3,single,west,west,floor_to_ceiling,0.0,1.61,3.0,False,0.0,1.61
model_116,116,three_east_south_west__conventional__overhang,3,three_facades,south,east;south;west,conventional,0.9,1.26,0.75,True,0.74,1.26
model_117,117,opposite_north_south__conventional__overhang,3,two_opposite,north,north;south,conventional,0.9,1.93,1.12,True,0.34,1.93
model_118,118,adjacent_south_west__floor_to_ceiling__no_overhang,3,two_adjacent,south,south;west,floor_to_ceiling,0.0,1.96,3.0,False,0.0,1.96
model_119,119,single_north__conventional__overhang,3,single,north,north,conventional,0.9,1.65,1.14,True,1.46,1.65
model_120,120,three_north_east_south__conventional__no_overhang,3,three_facades,east,north;east;south,conventional,0.9,1.64,2.09,False,0.0,1.64
model_121,121,adjacent_east_south__floor_to_ceiling__no_overhang,3,two_adjacent,east,east;south,floor_to_ceiling,0.0,0.64,3.0,False,0.0,0.64
model_122,122,adjacent_south_west__conventional__no_overhang,3,two_adjacent,south,south;west,conventional,0.9,1.84,1.53,False,0.0,1.84
model_123,123,adjacent_east_south__conventional__no_overhang,3,two_adjacent,east,east;south,conventional,0.9,0.72,1.66,False,0.0,0.72
model_124,124,adjacent_north_east__conventional__overhang,3,two_adjacent,north,north;east,conventional,0.9,1.71,1.44,True,0.91,1.71
model_125,125,opposite_east_west__floor_to_ceiling__no_overhang,3,two_opposite,east,east;west,floor_to_ceiling,0.0,1.95,3.0,False,0.0,1.95
model_126,126,adjacent_east_south__conventional__overhang,3,two_adjacent,east,east;south,conventional,0.9,0.65,0.79,True,0.54,0.65
model_127,127,single_north__floor_to_ceiling__no_overhang,3,single,north,north,floor_to_ceiling,0.0,1.7,3.0,False,0.0,1.7
model_128,128,three_north_south_west__conventional__overhang,3,three_facades,west,north;south;west,conventional,0.9,1.92,0.96,True,1.08,1.92
model_129,129,single_east__conventional__no_overhang,3,single,east,east,conventional,0.9,1.48,1.06,False,0.0,1.48
model_130,130,adjacent_west_north__conventional__overhang,3,two_adjacent,west,west;north,conventional,0.9,1.22,1.55,True,1.23,1.22
model_131,131,single_west__conventional__overhang,3,single,west,west,conventional,0.9,1.41,2.03,True,1.46,1.41
model_132,132,three_east_south_west__conventional__no_overhang,3,three_facades,south,east;south;west,conventional,0.9,1.66,1.35,False,0.0,1.66
model_133,133,three_north_east_south__floor_to_ceiling__overhang,3,three_facades,east,north;east;south,floor_to_ceiling,0.0,1.35,3.0,True,0.31,1.35
model_134,134,three_north_east_south__conventional__overhang,3,three_facades,east,north;east;south,conventional,0.9,1.78,1.27,True,0.68,1.78
model_135,135,single_west__floor_to_ceiling__overhang,3,single,west,west,floor_to_ceiling,0.0,2.01,3.0,True,0.6,2.01
model_136,136,three_east_south_west__floor_to_ceiling__no_overhang,3,three_facades,south,east;south;west,floor_to_ceiling,0.0,1.35,3.0,False,0.0,1.35
model_137,137,opposite_east_west__floor_to_ceiling__overhang,3,two_opposite,east,east;west,floor_to_ceiling,0.0,0.62,3.0,True,1.44,0.62
model_138,138,adjacent_north_east__floor_to_ceiling__overhang,3,two_adjacent,north,north;east,floor_to_ceiling,0.0,1.07,3.0,True,0.66,1.07
model_139,139,single_south__conventional__no_overhang,3,single,south,south,conventional,0.9,1.61,1.53,False,0.0,1.61
model_140,140,adjacent_north_east__conventional__no_overhang,3,two_adjacent,north,north;east,conventional,0.9,0.67,0.79,False,0.0,0.67
model_141,141,three_north_east_west__conventional__no_overhang,3,three_facades,north,north;east;west,conventional,0.9,1.99,1.1,False,0.0,1.99
model_142,142,single_south__floor_to_ceiling__overhang,3,single,south,south,floor_to_ceiling,0.0,1.74,3.0,True,0.92,1.74
model_143,143,opposite_east_west__conventional__overhang,3,two_opposite,east,east;west,conventional,0.9,0.69,1.28,True,1.03,0.69
model_144,144,single_south__floor_to_ceiling__no_overhang,3,single,south,south,floor_to_ceiling,0.0,0.79,3.0,False,0.0,0.79
model_145,145,three_north_south_west__conventional__no_overhang,3,three_facades,west,north;south;west,conventional,0.9,1.76,0.85,False,0.0,1.76
model_146,146,single_west__conventional__no_overhang,3,single,west,west,conventional,0.9,1.94,1.18,False,0.0,1.94
model_147,147,three_north_south_west__floor_to_ceiling__no_overhang,3,three_facades,west,north;south;west,floor_to_ceiling,0.0,1.12,3.0,False,0.0,1.12
model_148,148,opposite_east_west__conventional__no_overhang,3,two_opposite,east,east;west,conventional,0.9,2.22,1.01,False,0.0,2.22
model_149,149,adjacent_north_east__floor_to_ceiling__no_overhang,3,two_adjacent,north,north;east,floor_to_ceiling,0.0,1.87,3.0,False,0.0,1.87
model_150,150,single_south__conventional__overhang,3,single,south,south,conventional,0.9,1.35,1.26,True,0.74,1.35
model_151,151,adjacent_west_north__floor_to_ceiling__overhang,3,two_adjacent,west,west;north,floor_to_ceiling,0.0,1.05,3.0,True,0.39,1.05
model_152,152,three_north_south_west__floor_to_ceiling__overhang,3,three_facades,west,north;south;west,floor_to_ceiling,0.0,1.71,3.0,True,0.69,1.71
model_153,153,three_north_east_west__floor_to_ceiling__overhang,3,three_facades,north,north;east;west,floor_to_ceiling,0.0,1.79,3.0,True,0.41,1.79
model_154,154,single_east__floor_to_ceiling__no_overhang,3,single,east,east,floor_to_ceiling,0.0,1.64,3.0,False,0.0,1.64
model_155,155,adjacent_west_north__floor_to_ceiling__no_overhang,3,two_adjacent,west,west;north,floor_to_ceiling,0.0,1.44,3.0,False,0.0,1.44
model_156,156,adjacent_south_west__conventional__overhang,3,two_adjacent,south,south;west,conventional,0.9,0.95,1.89,True,0.72,0.95
model_157,157,three_north_east_west__floor_to_ceiling__no_overhang,3,three_facades,north,north;east;west,floor_to_ceiling,0.0,1.38,3.0,False,0.0,1.38
model_158,158,adjacent_east_south__floor_to_ceiling__overhang,3,two_adjacent,east,east;south,floor_to_ceiling,0.0,0.84,3.0,True,1.23,0.84
model_159,159,single_east__floor_to_ceiling__overhang,3,single,east,east,floor_to_ceiling,0.0,0.91,3.0,True,0.78,0.91
model_160,160,opposite_north_south__conventional__no_overhang,3,two_opposite,north,north;south,conventional,0.9,0.84,1.12,False,0.0,0.84
model_161,161,three_north_east_west__conventional__overhang,3,three_facades,north,north;east;west,conventional,0.9,1.04,1.79,True,1.19,1.04
model_162,162,opposite_north_south__floor_to_ceiling__no_overhang,3,two_opposite,north,north;south,floor_to_ceiling,0.0,2.37,3.0,False,0.0,2.37
model_163,163,adjacent_south_west__floor_to_ceiling__overhang,3,two_adjacent,south,south;west,floor_to_ceiling,0.0,2.11,3.0,True,1.4,2.11
model_164,164,three_north_east_south__floor_to_ceiling__no_overhang,3,three_facades,east,north;east;south,floor_to_ceiling,0.0,2.29,3.0,False,0.0,2.29
model_165,165,single_east__conventional__overhang,3,single,east,east,conventional,0.9,1.88,1.7,True,1.15,1.88
model_166,166,adjacent_west_north__conventional__no_overhang,3,two_adjacent,west,west;north,conventional,0.9,1.35,2.05,False,0.0,1.35
model_167,167,three_east_south_west__floor_to_ceiling__overhang,3,three_facades,south,east;south;west,floor_to_ceiling,0.0,1.77,3.0,True,0.54,1.77
model_168,168,opposite_north_south__floor_to_ceiling__overhang,3,two_opposite,north,north;south,floor_to_ceiling,0.0,1.51,3.0,True,1.13,1.51
model_169,169,three_north_east_west__conventional__no_overhang,4,three_facades,north,north;east;west,conventional,0.9,1.25,1.25,False,0.0,1.25
model_170,170,adjacent_south_west__conventional__no_overhang,4,two_adjacent,south,south;west,conventional,0.9,0.62,0.65,False,0.0,0.62
model_171,171,single_south__floor_to_ceiling__overhang,4,single,south,south,floor_to_ceiling,0.0,1.59,3.0,True,1.03,1.59
model_172,172,three_east_south_west__conventional__no_overhang,4,three_facades,south,east;south;west,conventional,0.9,1.11,1.69,False,0.0,1.11
model_173,173,adjacent_east_south__floor_to_ceiling__overhang,4,two_adjacent,east,east;south,floor_to_ceiling,0.0,1.99,3.0,True,1.11,1.99
model_174,174,three_north_east_south__floor_to_ceiling__no_overhang,4,three_facades,east,north;east;south,floor_to_ceiling,0.0,0.92,3.0,False,0.0,0.92
model_175,175,single_north__conventional__no_overhang,4,single,north,north,conventional,0.9,0.95,0.79,False,0.0,0.95
model_176,176,opposite_north_south__conventional__no_overhang,4,two_opposite,north,north;south,conventional,0.9,1.85,1.23,False,0.0,1.85
model_177,177,single_south__conventional__no_overhang,4,single,south,south,conventional,0.9,0.74,1.9,False,0.0,0.74
model_178,178,adjacent_east_south__conventional__no_overhang,4,two_adjacent,east,east;south,conventional,0.9,1.88,2.02,False,0.0,1.88
model_179,179,opposite_north_south__floor_to_ceiling__no_overhang,4,two_opposite,north,north;south,floor_to_ceiling,0.0,1.45,3.0,False,0.0,1.45
model_180,180,adjacent_south_west__floor_to_ceiling__no_overhang,4,two_adjacent,south,south;west,floor_to_ceiling,0.0,0.8,3.0,False,0.0,0.8
model_181,181,opposite_north_south__conventional__overhang,4,two_opposite,north,north;south,conventional,0.9,0.75,0.71,True,1.49,0.75
model_182,182,adjacent_north_east__conventional__overhang,4,two_adjacent,north,north;east,conventional,0.9,2.27,0.69,True,1.3,2.27
model_183,183,adjacent_east_south__floor_to_ceiling__no_overhang,4,two_adjacent,east,east;south,floor_to_ceiling,0.0,2.18,3.0,False,0.0,2.18
model_184,184,three_north_south_west__floor_to_ceiling__no_overhang,4,three_facades,west,north;south;west,floor_to_ceiling,0.0,1.6,3.0,False,0.0,1.6
model_185,185,three_north_south_west__floor_to_ceiling__overhang,4,three_facades,west,north;south;west,floor_to_ceiling,0.0,2.37,3.0,True,0.57,2.37
model_186,186,single_north__floor_to_ceiling__overhang,4,single,north,north,floor_to_ceiling,0.0,1.69,3.0,True,0.68,1.69
model_187,187,single_south__floor_to_ceiling__no_overhang,4,single,south,south,floor_to_ceiling,0.0,1.76,3.0,False,0.0,1.76
model_188,188,three_east_south_west__floor_to_ceiling__overhang,4,three_facades,south,east;south;west,floor_to_ceiling,0.0,0.63,3.0,True,1.46,0.63
model_189,189,single_west__floor_to_ceiling__overhang,4,single,west,west,floor_to_ceiling,0.0,0.68,3.0,True,0.3,0.68
model_190,190,single_west__conventional__overhang,4,single,west,west,conventional,0.9,1.56,1.13,True,0.61,1.56
model_191,191,three_east_south_west__floor_to_ceiling__no_overhang,4,three_facades,south,east;south;west,floor_to_ceiling,0.0,1.53,3.0,False,0.0,1.53
model_192,192,single_west__conventional__no_overhang,4,single,west,west,conventional,0.9,1.4,0.62,False,0.0,1.4
model_193,193,single_north__floor_to_ceiling__no_overhang,4,single,north,north,floor_to_ceiling,0.0,2.0,3.0,False,0.0,2.0
model_194,194,opposite_east_west__floor_to_ceiling__no_overhang,4,two_opposite,east,east;west,floor_to_ceiling,0.0,0.82,3.0,False,0.0,0.82
model_195,195,three_north_east_west__floor_to_ceiling__no_overhang,4,three_facades,north,north;east;west,floor_to_ceiling,0.0,1.16,3.0,False,0.0,1.16
model_196,196,single_south__conventional__overhang,4,single,south,south,conventional,0.9,1.77,0.7,True,1.06,1.77
model_197,197,single_east__floor_to_ceiling__overhang,4,single,east,east,floor_to_ceiling,0.0,1.12,3.0,True,0.57,1.12
model_198,198,opposite_north_south__floor_to_ceiling__overhang,4,two_opposite,north,north;south,floor_to_ceiling,0.0,1.76,3.0,True,0.92,1.76
model_199,199,adjacent_south_west__floor_to_ceiling__overhang,4,two_adjacent,south,south;west,floor_to_ceiling,0.0,0.92,3.0,True,0.99,0.92
model_200,200,adjacent_north_east__conventional__no_overhang,4,two_adjacent,north,north;east,conventional,0.9,1.26,0.97,False,0.0,1.26
model_201,201,adjacent_south_west__conventional__overhang,4,two_adjacent,south,south;west,conventional,0.9,1.61,0.6,True,0.32,1.61
model_202,202,adjacent_east_south__conventional__overhang,4,two_adjacent,east,east;south,conventional,0.9,1.23,1.46,True,1.12,1.23
model_203,203,adjacent_west_north__floor_to_ceiling__overhang,4,two_adjacent,west,west;north,floor_to_ceiling,0.0,2.05,3.0,True,0.69,2.05
model_204,204,opposite_east_west__conventional__no_overhang,4,two_opposite,east,east;west,conventional,0.9,1.54,1.19,False,0.0,1.54
model_205,205,adjacent_west_north__conventional__no_overhang,4,two_adjacent,west,west;north,conventional,0.9,1.71,0.6,False,0.0,1.71
model_206,206,single_west__floor_to_ceiling__no_overhang,4,single,west,west,floor_to_ceiling,0.0,1.3,3.0,False,0.0,1.3
model_207,207,adjacent_west_north__floor_to_ceiling__no_overhang,4,two_adjacent,west,west;north,floor_to_ceiling,0.0,0.84,3.0,False,0.0,0.84
model_208,208,single_east__conventional__overhang,4,single,east,east,conventional,0.9,1.44,1.43,True,0.83,1.44
model_209,209,three_north_east_south__conventional__no_overhang,4,three_facades,east,north;east;south,conventional,0.9,2.28,0.7,False,0.0,2.28
model_210,210,three_north_east_south__conventional__overhang,4,three_facades,east,north;east;south,conventional,0.9,0.88,0.8,True,1.4,0.88
model_211,211,opposite_east_west__floor_to_ceiling__overhang,4,two_opposite,east,east;west,floor_to_ceiling,0.0,1.1,3.0,True,0.57,1.1
model_212,212,three_north_east_west__conventional__overhang,4,three_facades,north,north;east;west,conventional,0.9,1.24,1.16,True,0.41,1.24
model_213,213,single_east__floor_to_ceiling__no_overhang,4,single,east,east,floor_to_ceiling,0.0,0.91,3.0,False,0.0,0.91
model_214,214,opposite_east_west__conventional__overhang,4,two_opposite,east,east;west,conventional,0.9,1.69,1.38,True,0.55,1.69
model_215,215,single_east__conventional__no_overhang,4,single,east,east,conventional,0.9,1.13,0.98,False,0.0,1.13
model_216,216,three_north_south_west__conventional__no_overhang,4,three_facades,west,north;south;west,conventional,0.9,0.94,2.09,False,0.0,0.94
model_217,217,three_north_east_west__floor_to_ceiling__overhang,4,three_facades,north,north;east;west,floor_to_ceiling,0.0,1.97,3.0,True,1.01,1.97
model_218,218,adjacent_west_north__conventional__overhang,4,two_adjacent,west,west;north,conventional,0.9,2.11,2.04,True,1.28,2.11
model_219,219,adjacent_north_east__floor_to_ceiling__no_overhang,4,two_adjacent,north,north;east,floor_to_ceiling,0.0,0.62,3.0,False,0.0,0.62
model_220,220,three_north_south_west__conventional__overhang,4,three_facades,west,north;south;west,conventional,0.9,2.09,1.08,True,1.15,2.09
model_221,221,adjacent_north_east__floor_to_ceiling__overhang,4,two_adjacent,north,north;east,floor_to_ceiling,0.0,2.05,3.0,True,1.18,2.05
model_222,222,three_east_south_west__conventional__overhang,4,three_facades,south,east;south;west,conventional,0.9,0.86,1.78,True,1.01,0.86
model_223,223,single_north__conventional__overhang,4,single,north,north,conventional,0.9,1.78,0.81,True,1.1,1.78
model_224,224,three_north_east_south__floor_to_ceiling__overhang,4,three_facades,east,north;east;south,floor_to_ceiling,0.0,2.25,3.0,True,1.2,2.25
model_225,225,three_north_east_south__conventional__no_overhang,5,three_facades,east,north;east;south,conventional,0.9,1.7,1.54,False,0.0,1.7
model_226,226,adjacent_north_east__floor_to_ceiling__no_overhang,5,two_adjacent,north,north;east,floor_to_ceiling,0.0,1.52,3.0,False,0.0,1.52
model_227,227,single_east__floor_to_ceiling__overhang,5,single,east,east,floor_to_ceiling,0.0,1.8,3.0,True,1.2,1.8
model_228,228,opposite_east_west__floor_to_ceiling__overhang,5,two_opposite,east,east;west,floor_to_ceiling,0.0,1.67,3.0,True,1.34,1.67
model_229,229,three_east_south_west__conventional__no_overhang,5,three_facades,south,east;south;west,conventional,0.9,0.93,1.94,False,0.0,0.93
model_230,230,three_north_east_west__conventional__no_overhang,5,three_facades,north,north;east;west,conventional,0.9,2.35,1.99,False,0.0,2.35
model_231,231,single_south__floor_to_ceiling__overhang,5,single,south,south,floor_to_ceiling,0.0,0.65,3.0,True,0.41,0.65
model_232,232,three_north_east_west__floor_to_ceiling__overhang,5,three_facades,north,north;east;west,floor_to_ceiling,0.0,1.32,3.0,True,1.03,1.32
model_233,233,opposite_north_south__floor_to_ceiling__overhang,5,two_opposite,north,north;south,floor_to_ceiling,0.0,1.24,3.0,True,1.5,1.24
model_234,234,single_west__conventional__overhang,5,single,west,west,conventional,0.9,0.7,1.58,True,0.95,0.7
model_235,235,single_east__floor_to_ceiling__no_overhang,5,single,east,east,floor_to_ceiling,0.0,1.45,3.0,False,0.0,1.45
model_236,236,three_north_south_west__floor_to_ceiling__no_overhang,5,three_facades,west,north;south;west,floor_to_ceiling,0.0,1.48,3.0,False,0.0,1.48
model_237,237,adjacent_north_east__floor_to_ceiling__overhang,5,two_adjacent,north,north;east,floor_to_ceiling,0.0,0.78,3.0,True,0.52,0.78
model_238,238,adjacent_east_south__conventional__no_overhang,5,two_adjacent,east,east;south,conventional,0.9,1.13,1.88,False,0.0,1.13
model_239,239,opposite_east_west__floor_to_ceiling__no_overhang,5,two_opposite,east,east;west,floor_to_ceiling,0.0,1.02,3.0,False,0.0,1.02
model_240,240,adjacent_south_west__conventional__overhang,5,two_adjacent,south,south;west,conventional,0.9,0.68,1.28,True,1.34,0.68
model_241,241,adjacent_east_south__floor_to_ceiling__overhang,5,two_adjacent,east,east;south,floor_to_ceiling,0.0,1.52,3.0,True,0.95,1.52
model_242,242,three_north_east_south__floor_to_ceiling__no_overhang,5,three_facades,east,north;east;south,floor_to_ceiling,0.0,2.06,3.0,False,0.0,2.06
model_243,243,single_east__conventional__no_overhang,5,single,east,east,conventional,0.9,1.3,0.79,False,0.0,1.3
model_244,244,adjacent_west_north__conventional__no_overhang,5,two_adjacent,west,west;north,conventional,0.9,0.88,1.83,False,0.0,0.88
model_245,245,adjacent_west_north__floor_to_ceiling__overhang,5,two_adjacent,west,west;north,floor_to_ceiling,0.0,1.52,3.0,True,0.57,1.52
model_246,246,adjacent_east_south__conventional__overhang,5,two_adjacent,east,east;south,conventional,0.9,1.08,1.18,True,1.36,1.08
model_247,247,three_north_east_south__conventional__overhang,5,three_facades,east,north;east;south,conventional,0.9,2.32,0.96,True,0.37,2.32
model_248,248,single_south__conventional__overhang,5,single,south,south,conventional,0.9,2.2,1.39,True,1.43,2.2
model_249,249,adjacent_north_east__conventional__no_overhang,5,two_adjacent,north,north;east,conventional,0.9,0.96,1.69,False,0.0,0.96
model_250,250,three_north_south_west__conventional__no_overhang,5,three_facades,west,north;south;west,conventional,0.9,1.23,1.04,False,0.0,1.23
model_251,251,adjacent_east_south__floor_to_ceiling__no_overhang,5,two_adjacent,east,east;south,floor_to_ceiling,0.0,1.39,3.0,False,0.0,1.39
model_252,252,single_south__conventional__no_overhang,5,single,south,south,conventional,0.9,1.39,0.93,False,0.0,1.39
model_253,253,three_east_south_west__floor_to_ceiling__no_overhang,5,three_facades,south,east;south;west,floor_to_ceiling,0.0,1.18,3.0,False,0.0,1.18
model_254,254,three_north_south_west__floor_to_ceiling__overhang,5,three_facades,west,north;south;west,floor_to_ceiling,0.0,0.84,3.0,True,1.32,0.84
model_255,255,three_east_south_west__floor_to_ceiling__overhang,5,three_facades,south,east;south;west,floor_to_ceiling,0.0,1.52,3.0,True,0.31,1.52
model_256,256,adjacent_south_west__floor_to_ceiling__overhang,5,two_adjacent,south,south;west,floor_to_ceiling,0.0,0.64,3.0,True,0.38,0.64
model_257,257,single_south__floor_to_ceiling__no_overhang,5,single,south,south,floor_to_ceiling,0.0,2.1,3.0,False,0.0,2.1
model_258,258,single_north__floor_to_ceiling__overhang,5,single,north,north,floor_to_ceiling,0.0,1.2,3.0,True,0.66,1.2
model_259,259,opposite_north_south__floor_to_ceiling__no_overhang,5,two_opposite,north,north;south,floor_to_ceiling,0.0,1.15,3.0,False,0.0,1.15
model_260,260,single_west__floor_to_ceiling__overhang,5,single,west,west,floor_to_ceiling,0.0,1.53,3.0,True,0.86,1.53
model_261,261,single_west__floor_to_ceiling__no_overhang,5,single,west,west,floor_to_ceiling,0.0,0.89,3.0,False,0.0,0.89
model_262,262,adjacent_west_north__floor_to_ceiling__no_overhang,5,two_adjacent,west,west;north,floor_to_ceiling,0.0,1.99,3.0,False,0.0,1.99
model_263,263,adjacent_west_north__conventional__overhang,5,two_adjacent,west,west;north,conventional,0.9,2.22,1.71,True,0.36,2.22
model_264,264,adjacent_north_east__conventional__overhang,5,two_adjacent,north,north;east,conventional,0.9,1.24,0.76,True,0.62,1.24
model_265,265,three_north_east_west__floor_to_ceiling__no_overhang,5,three_facades,north,north;east;west,floor_to_ceiling,0.0,2.06,3.0,False,0.0,2.06
model_266,266,single_west__conventional__no_overhang,5,single,west,west,conventional,0.9,2.07,1.57,False,0.0,2.07
model_267,267,opposite_east_west__conventional__no_overhang,5,two_opposite,east,east;west,conventional,0.9,2.03,1.23,False,0.0,2.03
model_268,268,single_north__conventional__no_overhang,5,single,north,north,conventional,0.9,1.35,0.64,False,0.0,1.35
model_269,269,three_north_south_west__conventional__overhang,5,three_facades,west,north;south;west,conventional,0.9,1.32,1.33,True,0.78,1.32
model_270,270,opposite_north_south__conventional__overhang,5,two_opposite,north,north;south,conventional,0.9,2.25,1.89,True,1.07,2.25
model_271,271,three_east_south_west__conventional__overhang,5,three_facades,south,east;south;west,conventional,0.9,1.35,1.96,True,1.07,1.35
model_272,272,three_north_east_west__conventional__overhang,5,three_facades,north,north;east;west,conventional,0.9,2.08,1.95,True,0.89,2.08
model_273,273,opposite_east_west__conventional__overhang,5,two_opposite,east,east;west,conventional,0.9,2.34,1.64,True,0.8,2.34
model_274,274,single_north__floor_to_ceiling__no_overhang,5,single,north,north,floor_to_ceiling,0.0,1.18,3.0,False,0.0,1.18
model_275,275,single_north__conventional__overhang,5,single,north,north,conventional,0.9,0.89,1.49,True,0.9,0.89
model_276,276,opposite_north_south__conventional__no_overhang,5,two_opposite,north,north;south,conventional,0.9,1.09,1.64,False,0.0,1.09
model_277,277,three_north_east_south__floor_to_ceiling__overhang,5,three_facades,east,north;east;south,floor_to_ceiling,0.0,1.0,3.0,True,0.96,1.0
model_278,278,single_east__conventional__overhang,5,single,east,east,conventional,0.9,1.25,1.2,True,1.06,1.25
model_279,279,adjacent_south_west__conventional__no_overhang,5,two_adjacent,south,south;west,conventional,0.9,1.28,1.37,False,0.0,1.28
model_280,280,adjacent_south_west__floor_to_ceiling__no_overhang,5,two_adjacent,south,south;west,floor_to_ceiling,0.0,1.81,3.0,False,0.0,1.81
model_281,281,single_east__conventional__overhang,6,single,east,east,conventional,0.9,2.3,1.03,True,1.35,2.3
model_282,282,single_east__conventional__no_overhang,6,single,east,east,conventional,0.9,2.1,0.63,False,0.0,2.1
model_283,283,single_west__conventional__overhang,6,single,west,west,conventional,0.9,0.95,0.89,True,0.34,0.95
model_284,284,opposite_north_south__conventional__no_overhang,6,two_opposite,north,north;south,conventional,0.9,1.91,0.69,False,0.0,1.91
model_285,285,opposite_east_west__floor_to_ceiling__no_overhang,6,two_opposite,east,east;west,floor_to_ceiling,0.0,1.54,3.0,False,0.0,1.54
model_286,286,single_south__floor_to_ceiling__overhang,6,single,south,south,floor_to_ceiling,0.0,1.09,3.0,True,0.56,1.09
model_287,287,single_north__floor_to_ceiling__overhang,6,single,north,north,floor_to_ceiling,0.0,2.27,3.0,True,1.39,2.27
model_288,288,adjacent_east_south__conventional__no_overhang,6,two_adjacent,east,east;south,conventional,0.9,1.51,1.32,False,0.0,1.51
model_289,289,three_east_south_west__conventional__overhang,6,three_facades,south,east;south;west,conventional,0.9,1.52,1.02,True,1.26,1.52
model_290,290,adjacent_west_north__floor_to_ceiling__no_overhang,6,two_adjacent,west,west;north,floor_to_ceiling,0.0,2.09,3.0,False,0.0,2.09
model_291,291,adjacent_north_east__floor_to_ceiling__overhang,6,two_adjacent,north,north;east,floor_to_ceiling,0.0,1.36,3.0,True,1.29,1.36
model_292,292,three_north_east_south__floor_to_ceiling__overhang,6,three_facades,east,north;east;south,floor_to_ceiling,0.0,1.14,3.0,True,1.03,1.14
model_293,293,three_north_east_west__floor_to_ceiling__no_overhang,6,three_facades,north,north;east;west,floor_to_ceiling,0.0,0.91,3.0,False,0.0,0.91
model_294,294,three_north_east_south__floor_to_ceiling__no_overhang,6,three_facades,east,north;east;south,floor_to_ceiling,0.0,1.02,3.0,False,0.0,1.02
model_295,295,three_north_east_west__floor_to_ceiling__overhang,6,three_facades,north,north;east;west,floor_to_ceiling,0.0,2.28,3.0,True,1.48,2.28
model_296,296,adjacent_west_north__conventional__overhang,6,two_adjacent,west,west;north,conventional,0.9,1.77,1.12,True,0.75,1.77
model_297,297,adjacent_west_north__floor_to_ceiling__overhang,6,two_adjacent,west,west;north,floor_to_ceiling,0.0,0.73,3.0,True,1.11,0.73
model_298,298,three_north_east_south__conventional__no_overhang,6,three_facades,east,north;east;south,conventional,0.9,1.36,1.41,False,0.0,1.36
model_299,299,single_south__floor_to_ceiling__no_overhang,6,single,south,south,floor_to_ceiling,0.0,1.38,3.0,False,0.0,1.38
model_300,300,single_south__conventional__overhang,6,single,south,south,conventional,0.9,1.28,2.03,True,1.29,1.28
model_301,301,single_north__conventional__no_overhang,6,single,north,north,conventional,0.9,1.25,0.91,False,0.0,1.25
model_302,302,adjacent_north_east__conventional__no_overhang,6,two_adjacent,north,north;east,conventional,0.9,0.82,0.66,False,0.0,0.82
model_303,303,adjacent_east_south__floor_to_ceiling__overhang,6,two_adjacent,east,east;south,floor_to_ceiling,0.0,0.73,3.0,True,0.84,0.73
model_304,304,opposite_east_west__floor_to_ceiling__overhang,6,two_opposite,east,east;west,floor_to_ceiling,0.0,2.13,3.0,True,0.87,2.13
model_305,305,adjacent_south_west__floor_to_ceiling__no_overhang,6,two_adjacent,south,south;west,floor_to_ceiling,0.0,1.32,3.0,False,0.0,1.32
model_306,306,three_east_south_west__conventional__no_overhang,6,three_facades,south,east;south;west,conventional,0.9,1.79,1.36,False,0.0,1.79
model_307,307,three_north_south_west__floor_to_ceiling__overhang,6,three_facades,west,north;south;west,floor_to_ceiling,0.0,1.61,3.0,True,0.33,1.61
model_308,308,three_east_south_west__floor_to_ceiling__no_overhang,6,three_facades,south,east;south;west,floor_to_ceiling,0.0,1.08,3.0,False,0.0,1.08
model_309,309,opposite_east_west__conventional__overhang,6,two_opposite,east,east;west,conventional,0.9,2.14,0.86,True,1.47,2.14
model_310,310,adjacent_north_east__floor_to_ceiling__no_overhang,6,two_adjacent,north,north;east,floor_to_ceiling,0.0,2.2,3.0,False,0.0,2.2
model_311,311,three_north_south_west__conventional__no_overhang,6,three_facades,west,north;south;west,conventional,0.9,1.53,1.47,False,0.0,1.53
model_312,312,opposite_north_south__floor_to_ceiling__overhang,6,two_opposite,north,north;south,floor_to_ceiling,0.0,1.93,3.0,True,0.69,1.93
model_313,313,adjacent_east_south__conventional__overhang,6,two_adjacent,east,east;south,conventional,0.9,2.01,1.61,True,1.24,2.01
model_314,314,single_west__floor_to_ceiling__overhang,6,single,west,west,floor_to_ceiling,0.0,2.38,3.0,True,1.07,2.38
model_315,315,three_north_south_west__conventional__overhang,6,three_facades,west,north;south;west,conventional,0.9,0.7,1.86,True,0.64,0.7
model_316,316,adjacent_west_north__conventional__no_overhang,6,two_adjacent,west,west;north,conventional,0.9,2.39,1.55,False,0.0,2.39
model_317,317,opposite_east_west__conventional__no_overhang,6,two_opposite,east,east;west,conventional,0.9,2.17,0.76,False,0.0,2.17
model_318,318,adjacent_east_south__floor_to_ceiling__no_overhang,6,two_adjacent,east,east;south,floor_to_ceiling,0.0,1.51,3.0,False,0.0,1.51
model_319,319,single_east__floor_to_ceiling__overhang,6,single,east,east,floor_to_ceiling,0.0,1.17,3.0,True,0.44,1.17
model_320,320,three_north_east_south__conventional__overhang,6,three_facades,east,north;east;south,conventional,0.9,2.02,1.83,True,1.03,2.02
model_321,321,single_north__floor_to_ceiling__no_overhang,6,single,north,north,floor_to_ceiling,0.0,1.05,3.0,False,0.0,1.05
model_322,322,adjacent_north_east__conventional__overhang,6,two_adjacent,north,north;east,conventional,0.9,0.61,1.98,True,0.76,0.61
model_323,323,three_north_south_west__floor_to_ceiling__no_overhang,6,three_facades,west,north;south;west,floor_to_ceiling,0.0,2.08,3.0,False,0.0,2.08
model_324,324,three_north_east_west__conventional__no_overhang,6,three_facades,north,north;east;west,conventional,0.9,0.83,1.85,False,0.0,0.83
model_325,325,single_south__conventional__no_overhang,6,single,south,south,conventional,0.9,1.03,2.04,False,0.0,1.03
model_326,326,adjacent_south_west__conventional__no_overhang,6,two_adjacent,south,south;west,conventional,0.9,1.09,1.66,False,0.0,1.09
model_327,327,opposite_north_south__conventional__overhang,6,two_opposite,north,north;south,conventional,0.9,1.79,1.32,True,1.25,1.79
model_328,328,single_west__floor_to_ceiling__no_overhang,6,single,west,west,floor_to_ceiling,0.0,1.04,3.0,False,0.0,1.04
model_329,329,three_north_east_west__conventional__overhang,6,three_facades,north,north;east;west,conventional,0.9,0.72,1.22,True,0.47,0.72
model_330,330,three_east_south_west__floor_to_ceiling__overhang,6,three_facades,south,east;south;west,floor_to_ceiling,0.0,2.15,3.0,True,1.04,2.15
model_331,331,opposite_north_south__floor_to_ceiling__no_overhang,6,two_opposite,north,north;south,floor_to_ceiling,0.0,2.22,3.0,False,0.0,2.22
model_332,332,adjacent_south_west__conventional__overhang,6,two_adjacent,south,south;west,conventional,0.9,1.79,1.47,True,1.08,1.79
model_333,333,single_north__conventional__overhang,6,single,north,north,conventional,0.9,0.72,0.6,True,0.8,0.72
model_334,334,adjacent_south_west__floor_to_ceiling__overhang,6,two_adjacent,south,south;west,floor_to_ceiling,0.0,1.31,3.0,True,0.71,1.31
model_335,335,single_east__floor_to_ceiling__no_overhang,6,single,east,east,floor_to_ceiling,0.0,2.28,3.0,False,0.0,2.28
model_336,336,single_west__conventional__no_overhang,6,single,west,west,conventional,0.9,1.69,2.08,False,0.0,1.69
model_337,337,three_north_south_west__floor_to_ceiling__no_overhang,7,three_facades,west,north;south;west,floor_to_ceiling,0.0,0.76,3.0,False,0.0,0.76
model_338,338,single_east__conventional__overhang,7,single,east,east,conventional,0.9,1.65,1.81,True,0.67,1.65
model_339,339,opposite_north_south__floor_to_ceiling__no_overhang,7,two_opposite,north,north;south,floor_to_ceiling,0.0,1.62,3.0,False,0.0,1.62
model_340,340,single_east__floor_to_ceiling__no_overhang,7,single,east,east,floor_to_ceiling,0.0,1.15,3.0,False,0.0,1.15
model_341,341,three_north_east_west__floor_to_ceiling__overhang,7,three_facades,north,north;east;west,floor_to_ceiling,0.0,0.65,3.0,True,0.72,0.65
model_342,342,single_west__conventional__no_overhang,7,single,west,west,conventional,0.9,0.74,1.46,False,0.0,0.74
model_343,343,single_west__floor_to_ceiling__no_overhang,7,single,west,west,floor_to_ceiling,0.0,2.1,3.0,False,0.0,2.1
model_344,344,single_south__conventional__no_overhang,7,single,south,south,conventional,0.9,1.28,0.7,False,0.0,1.28
model_345,345,three_north_south_west__conventional__no_overhang,7,three_facades,west,north;south;west,conventional,0.9,0.63,1.73,False,0.0,0.63
model_346,346,adjacent_east_south__conventional__overhang,7,two_adjacent,east,east;south,conventional,0.9,2.07,1.94,True,1.45,2.07
model_347,347,three_north_east_west__floor_to_ceiling__no_overhang,7,three_facades,north,north;east;west,floor_to_ceiling,0.0,1.98,3.0,False,0.0,1.98
model_348,348,three_north_east_west__conventional__overhang,7,three_facades,north,north;east;west,conventional,0.9,1.73,0.68,True,1.44,1.73
model_349,349,three_north_east_south__conventional__overhang,7,three_facades,east,north;east;south,conventional,0.9,0.65,1.42,True,0.96,0.65
model_350,350,opposite_east_west__floor_to_ceiling__no_overhang,7,two_opposite,east,east;west,floor_to_ceiling,0.0,1.35,3.0,False,0.0,1.35
model_351,351,opposite_north_south__conventional__overhang,7,two_opposite,north,north;south,conventional,0.9,2.2,2.09,True,0.62,2.2
model_352,352,single_south__floor_to_ceiling__overhang,7,single,south,south,floor_to_ceiling,0.0,2.21,3.0,True,1.33,2.21
model_353,353,opposite_east_west__conventional__overhang,7,two_opposite,east,east;west,conventional,0.9,1.2,1.9,True,0.48,1.2
model_354,354,adjacent_north_east__floor_to_ceiling__no_overhang,7,two_adjacent,north,north;east,floor_to_ceiling,0.0,2.37,3.0,False,0.0,2.37
model_355,355,adjacent_west_north__conventional__no_overhang,7,two_adjacent,west,west;north,conventional,0.9,1.28,0.87,False,0.0,1.28
model_356,356,single_north__conventional__no_overhang,7,single,north,north,conventional,0.9,1.12,1.14,False,0.0,1.12
model_357,357,adjacent_north_east__conventional__overhang,7,two_adjacent,north,north;east,conventional,0.9,2.05,1.62,True,1.19,2.05
model_358,358,three_north_south_west__floor_to_ceiling__overhang,7,three_facades,west,north;south;west,floor_to_ceiling,0.0,0.64,3.0,True,0.45,0.64
model_359,359,three_east_south_west__floor_to_ceiling__no_overhang,7,three_facades,south,east;south;west,floor_to_ceiling,0.0,0.63,3.0,False,0.0,0.63
model_360,360,single_south__floor_to_ceiling__no_overhang,7,single,south,south,floor_to_ceiling,0.0,1.2,3.0,False,0.0,1.2
model_361,361,opposite_east_west__conventional__no_overhang,7,two_opposite,east,east;west,conventional,0.9,1.22,2.1,False,0.0,1.22
model_362,362,adjacent_west_north__conventional__overhang,7,two_adjacent,west,west;north,conventional,0.9,1.41,0.95,True,1.09,1.41
model_363,363,three_north_south_west__conventional__overhang,7,three_facades,west,north;south;west,conventional,0.9,1.25,1.57,True,0.5,1.25
model_364,364,single_north__conventional__overhang,7,single,north,north,conventional,0.9,2.19,2.01,True,0.39,2.19
model_365,365,single_north__floor_to_ceiling__no_overhang,7,single,north,north,floor_to_ceiling,0.0,2.31,3.0,False,0.0,2.31
model_366,366,three_north_east_south__conventional__no_overhang,7,three_facades,east,north;east;south,conventional,0.9,0.7,1.08,False,0.0,0.7
model_367,367,opposite_east_west__floor_to_ceiling__overhang,7,two_opposite,east,east;west,floor_to_ceiling,0.0,0.94,3.0,True,0.53,0.94
model_368,368,adjacent_west_north__floor_to_ceiling__overhang,7,two_adjacent,west,west;north,floor_to_ceiling,0.0,0.84,3.0,True,0.97,0.84
model_369,369,single_west__floor_to_ceiling__overhang,7,single,west,west,floor_to_ceiling,0.0,0.89,3.0,True,0.46,0.89
model_370,370,single_south__conventional__overhang,7,single,south,south,conventional,0.9,1.54,1.86,True,0.48,1.54
model_371,371,adjacent_south_west__conventional__no_overhang,7,two_adjacent,south,south;west,conventional,0.9,0.81,1.24,False,0.0,0.81
model_372,372,adjacent_east_south__floor_to_ceiling__no_overhang,7,two_adjacent,east,east;south,floor_to_ceiling,0.0,0.95,3.0,False,0.0,0.95
model_373,373,three_east_south_west__conventional__overhang,7,three_facades,south,east;south;west,conventional,0.9,1.97,1.35,True,0.58,1.97
model_374,374,single_west__conventional__overhang,7,single,west,west,conventional,0.9,2.1,0.73,True,0.76,2.1
model_375,375,single_east__conventional__no_overhang,7,single,east,east,conventional,0.9,1.69,1.59,False,0.0,1.69
model_376,376,adjacent_west_north__floor_to_ceiling__no_overhang,7,two_adjacent,west,west;north,floor_to_ceiling,0.0,1.03,3.0,False,0.0,1.03
model_377,377,adjacent_east_south__conventional__no_overhang,7,two_adjacent,east,east;south,conventional,0.9,0.93,1.15,False,0.0,0.93
model_378,378,three_north_east_west__conventional__no_overhang,7,three_facades,north,north;east;west,conventional,0.9,2.14,1.38,False,0.0,2.14
model_379,379,adjacent_south_west__floor_to_ceiling__no_overhang,7,two_adjacent,south,south;west,floor_to_ceiling,0.0,1.22,3.0,False,0.0,1.22
model_380,380,three_east_south_west__floor_to_ceiling__overhang,7,three_facades,south,east;south;west,floor_to_ceiling,0.0,1.24,3.0,True,0.74,1.24
model_381,381,three_north_east_south__floor_to_ceiling__no_overhang,7,three_facades,east,north;east;south,floor_to_ceiling,0.0,1.6,3.0,False,0.0,1.6
model_382,382,adjacent_north_east__conventional__no_overhang,7,two_adjacent,north,north;east,conventional,0.9,2.06,1.26,False,0.0,2.06
model_383,383,adjacent_south_west__conventional__overhang,7,two_adjacent,south,south;west,conventional,0.9,1.25,0.93,True,0.86,1.25
model_384,384,adjacent_east_south__floor_to_ceiling__overhang,7,two_adjacent,east,east;south,floor_to_ceiling,0.0,1.24,3.0,True,1.45,1.24
model_385,385,opposite_north_south__floor_to_ceiling__overhang,7,two_opposite,north,north;south,floor_to_ceiling,0.0,2.1,3.0,True,0.41,2.1
model_386,386,opposite_north_south__conventional__no_overhang,7,two_opposite,north,north;south,conventional,0.9,1.49,1.84,False,0.0,1.49
model_387,387,adjacent_south_west__floor_to_ceiling__overhang,7,two_adjacent,south,south;west,floor_to_ceiling,0.0,2.04,3.0,True,0.82,2.04
model_388,388,single_north__floor_to_ceiling__overhang,7,single,north,north,floor_to_ceiling,0.0,0.73,3.0,True,1.25,0.73
model_389,389,three_north_east_south__floor_to_ceiling__overhang,7,three_facades,east,north;east;south,floor_to_ceiling,0.0,2.01,3.0,True,0.46,2.01
model_390,390,single_east__floor_to_ceiling__overhang,7,single,east,east,floor_to_ceiling,0.0,1.5,3.0,True,1.12,1.5
model_391,391,three_east_south_west__conventional__no_overhang,7,three_facades,south,east;south;west,conventional,0.9,2.17,0.71,False,0.0,2.17
model_392,392,adjacent_north_east__floor_to_ceiling__overhang,7,two_adjacent,north,north;east,floor_to_ceiling,0.0,1.25,3.0,True,1.03,1.25
model_393,393,three_north_east_south__conventional__no_overhang,8,three_facades,east,north;east;south,conventional,0.9,0.84,1.04,False,0.0,0.84
model_394,394,single_south__floor_to_ceiling__no_overhang,8,single,south,south,floor_to_ceiling,0.0,0.98,3.0,False,0.0,0.98
model_395,395,adjacent_west_north__conventional__no_overhang,8,two_adjacent,west,west;north,conventional,0.9,0.73,1.12,False,0.0,0.73
model_396,396,three_north_east_west__conventional__no_overhang,8,three_facades,north,north;east;west,conventional,0.9,1.79,1.72,False,0.0,1.79
model_397,397,adjacent_north_east__conventional__overhang,8,two_adjacent,north,north;east,conventional,0.9,1.56,1.93,True,0.89,1.56
model_398,398,single_north__floor_to_ceiling__no_overhang,8,single,north,north,floor_to_ceiling,0.0,1.44,3.0,False,0.0,1.44
model_399,399,single_west__conventional__overhang,8,single,west,west,conventional,0.9,1.32,0.92,True,1.14,1.32
model_400,400,three_east_south_west__conventional__no_overhang,8,three_facades,south,east;south;west,conventional,0.9,1.33,1.11,False,0.0,1.33
model_401,401,single_south__floor_to_ceiling__overhang,8,single,south,south,floor_to_ceiling,0.0,1.32,3.0,True,0.7,1.32
model_402,402,three_north_east_west__floor_to_ceiling__overhang,8,three_facades,north,north;east;west,floor_to_ceiling,0.0,1.08,3.0,True,1.31,1.08
model_403,403,three_north_south_west__conventional__no_overhang,8,three_facades,west,north;south;west,conventional,0.9,1.01,1.57,False,0.0,1.01
model_404,404,opposite_north_south__floor_to_ceiling__overhang,8,two_opposite,north,north;south,floor_to_ceiling,0.0,0.61,3.0,True,0.51,0.61
model_405,405,three_east_south_west__conventional__overhang,8,three_facades,south,east;south;west,conventional,0.9,1.08,0.79,True,1.28,1.08
model_406,406,single_south__conventional__no_overhang,8,single,south,south,conventional,0.9,2.02,0.83,False,0.0,2.02
model_407,407,three_north_south_west__floor_to_ceiling__no_overhang,8,three_facades,west,north;south;west,floor_to_ceiling,0.0,1.71,3.0,False,0.0,1.71
model_408,408,single_west__floor_to_ceiling__overhang,8,single,west,west,floor_to_ceiling,0.0,1.01,3.0,True,0.66,1.01
model_409,409,opposite_east_west__floor_to_ceiling__overhang,8,two_opposite,east,east;west,floor_to_ceiling,0.0,1.86,3.0,True,0.99,1.86
model_410,410,adjacent_east_south__conventional__overhang,8,two_adjacent,east,east;south,conventional,0.9,1.77,0.97,True,0.8,1.77
model_411,411,opposite_east_west__conventional__no_overhang,8,two_opposite,east,east;west,conventional,0.9,0.98,0.71,False,0.0,0.98
model_412,412,adjacent_west_north__floor_to_ceiling__overhang,8,two_adjacent,west,west;north,floor_to_ceiling,0.0,1.87,3.0,True,0.82,1.87
model_413,413,three_east_south_west__floor_to_ceiling__no_overhang,8,three_facades,south,east;south;west,floor_to_ceiling,0.0,2.12,3.0,False,0.0,2.12
model_414,414,adjacent_east_south__conventional__no_overhang,8,two_adjacent,east,east;south,conventional,0.9,1.85,1.45,False,0.0,1.85
model_415,415,adjacent_south_west__floor_to_ceiling__overhang,8,two_adjacent,south,south;west,floor_to_ceiling,0.0,1.03,3.0,True,1.2,1.03
model_416,416,adjacent_south_west__floor_to_ceiling__no_overhang,8,two_adjacent,south,south;west,floor_to_ceiling,0.0,2.15,3.0,False,0.0,2.15
model_417,417,three_north_east_south__floor_to_ceiling__overhang,8,three_facades,east,north;east;south,floor_to_ceiling,0.0,0.9,3.0,True,0.86,0.9
model_418,418,three_north_east_west__conventional__overhang,8,three_facades,north,north;east;west,conventional,0.9,0.8,1.58,True,0.75,0.8
model_419,419,single_south__conventional__overhang,8,single,south,south,conventional,0.9,1.11,1.02,True,0.64,1.11
model_420,420,opposite_north_south__conventional__no_overhang,8,two_opposite,north,north;south,conventional,0.9,2.39,0.91,False,0.0,2.39
model_421,421,single_east__conventional__overhang,8,single,east,east,conventional,0.9,1.05,0.73,True,1.41,1.05
model_422,422,adjacent_east_south__floor_to_ceiling__overhang,8,two_adjacent,east,east;south,floor_to_ceiling,0.0,2.22,3.0,True,0.37,2.22
model_423,423,adjacent_south_west__conventional__overhang,8,two_adjacent,south,south;west,conventional,0.9,1.04,2.06,True,0.52,1.04
model_424,424,single_north__floor_to_ceiling__overhang,8,single,north,north,floor_to_ceiling,0.0,1.12,3.0,True,1.33,1.12
model_425,425,adjacent_north_east__floor_to_ceiling__overhang,8,two_adjacent,north,north;east,floor_to_ceiling,0.0,1.66,3.0,True,0.86,1.66
model_426,426,single_east__floor_to_ceiling__overhang,8,single,east,east,floor_to_ceiling,0.0,2.15,3.0,True,1.44,2.15
model_427,427,opposite_east_west__floor_to_ceiling__no_overhang,8,two_opposite,east,east;west,floor_to_ceiling,0.0,1.69,3.0,False,0.0,1.69
model_428,428,opposite_east_west__conventional__overhang,8,two_opposite,east,east;west,conventional,0.9,1.34,0.65,True,0.91,1.34
model_429,429,three_north_south_west__floor_to_ceiling__overhang,8,three_facades,west,north;south;west,floor_to_ceiling,0.0,1.17,3.0,True,0.83,1.17
model_430,430,adjacent_west_north__floor_to_ceiling__no_overhang,8,two_adjacent,west,west;north,floor_to_ceiling,0.0,1.5,3.0,False,0.0,1.5
model_431,431,adjacent_south_west__conventional__no_overhang,8,two_adjacent,south,south;west,conventional,0.9,2.01,0.99,False,0.0,2.01
model_432,432,opposite_north_south__conventional__overhang,8,two_opposite,north,north;south,conventional,0.9,1.54,0.81,True,0.92,1.54
model_433,433,adjacent_west_north__conventional__overhang,8,two_adjacent,west,west;north,conventional,0.9,0.99,1.22,True,0.52,0.99
model_434,434,three_north_east_south__conventional__overhang,8,three_facades,east,north;east;south,conventional,0.9,0.96,1.52,True,0.51,0.96
model_435,435,opposite_north_south__floor_to_ceiling__no_overhang,8,two_opposite,north,north;south,floor_to_ceiling,0.0,1.86,3.0,False,0.0,1.86
model_436,436,three_east_south_west__floor_to_ceiling__overhang,8,three_facades,south,east;south;west,floor_to_ceiling,0.0,2.39,3.0,True,1.34,2.39
model_437,437,three_north_east_west__floor_to_ceiling__no_overhang,8,three_facades,north,north;east;west,floor_to_ceiling,0.0,1.75,3.0,False,0.0,1.75
model_438,438,adjacent_north_east__conventional__no_overhang,8,two_adjacent,north,north;east,conventional,0.9,1.45,2.1,False,0.0,1.45
model_439,439,three_north_south_west__conventional__overhang,8,three_facades,west,north;south;west,conventional,0.9,1.12,0.72,True,1.34,1.12
model_440,440,single_north__conventional__no_overhang,8,single,north,north,conventional,0.9,1.6,1.55,False,0.0,1.6
model_441,441,single_east__conventional__no_overhang,8,single,east,east,conventional,0.9,1.6,1.76,False,0.0,1.6
model_442,442,three_north_east_south__floor_to_ceiling__no_overhang,8,three_facades,east,north;east;south,floor_to_ceiling,0.0,1.2,3.0,False,0.0,1.2
model_443,443,adjacent_north_east__floor_to_ceiling__no_overhang,8,two_adjacent,north,north;east,floor_to_ceiling,0.0,1.36,3.0,False,0.0,1.36
model_444,444,single_north__conventional__overhang,8,single,north,north,conventional,0.9,1.35,1.57,True,0.59,1.35
model_445,445,single_east__floor_to_ceiling__no_overhang,8,single,east,east,floor_to_ceiling,0.0,0.97,3.0,False,0.0,0.97
model_446,446,adjacent_east_south__floor_to_ceiling__no_overhang,8,two_adjacent,east,east;south,floor_to_ceiling,0.0,1.17,3.0,False,0.0,1.17
model_447,447,single_west__floor_to_ceiling__no_overhang,8,single,west,west,floor_to_ceiling,0.0,2.28,3.0,False,0.0,2.28
model_448,448,single_west__conventional__no_overhang,8,single,west,west,conventional,0.9,1.64,0.99,False,0.0,1.64
model_449,449,adjacent_west_north__floor_to_ceiling__overhang,9,two_adjacent,west,west;north,floor_to_ceiling,0.0,2.36,3.0,True,1.33,2.36
model_450,450,adjacent_west_north__floor_to_ceiling__no_overhang,9,two_adjacent,west,west;north,floor_to_ceiling,0.0,0.78,3.0,False,0.0,0.78
model_451,451,single_north__floor_to_ceiling__overhang,9,single,north,north,floor_to_ceiling,0.0,1.92,3.0,True,1.04,1.92
model_452,452,single_south__floor_to_ceiling__overhang,9,single,south,south,floor_to_ceiling,0.0,2.03,3.0,True,1.5,2.03
model_453,453,adjacent_east_south__conventional__no_overhang,9,two_adjacent,east,east;south,conventional,0.9,2.1,0.99,False,0.0,2.1
model_454,454,single_west__floor_to_ceiling__overhang,9,single,west,west,floor_to_ceiling,0.0,2.07,3.0,True,1.5,2.07
model_455,455,opposite_north_south__floor_to_ceiling__no_overhang,9,two_opposite,north,north;south,floor_to_ceiling,0.0,0.99,3.0,False,0.0,0.99
model_456,456,three_east_south_west__conventional__overhang,9,three_facades,south,east;south;west,conventional,0.9,2.1,1.31,True,0.49,2.1
model_457,457,opposite_east_west__floor_to_ceiling__no_overhang,9,two_opposite,east,east;west,floor_to_ceiling,0.0,0.69,3.0,False,0.0,0.69
model_458,458,single_south__floor_to_ceiling__no_overhang,9,single,south,south,floor_to_ceiling,0.0,1.53,3.0,False,0.0,1.53
model_459,459,three_east_south_west__conventional__no_overhang,9,three_facades,south,east;south;west,conventional,0.9,1.17,1.59,False,0.0,1.17
model_460,460,single_west__conventional__no_overhang,9,single,west,west,conventional,0.9,0.96,1.89,False,0.0,0.96
model_461,461,three_north_east_south__conventional__no_overhang,9,three_facades,east,north;east;south,conventional,0.9,1.03,1.3,False,0.0,1.03
model_462,462,adjacent_south_west__conventional__no_overhang,9,two_adjacent,south,south;west,conventional,0.9,2.07,1.94,False,0.0,2.07
model_463,463,single_east__floor_to_ceiling__no_overhang,9,single,east,east,floor_to_ceiling,0.0,0.66,3.0,False,0.0,0.66
model_464,464,three_north_east_south__floor_to_ceiling__overhang,9,three_facades,east,north;east;south,floor_to_ceiling,0.0,2.22,3.0,True,1.3,2.22
model_465,465,three_north_south_west__conventional__no_overhang,9,three_facades,west,north;south;west,conventional,0.9,1.95,1.23,False,0.0,1.95
model_466,466,three_north_east_south__conventional__overhang,9,three_facades,east,north;east;south,conventional,0.9,1.59,2.02,True,0.83,1.59
model_467,467,adjacent_east_south__floor_to_ceiling__overhang,9,two_adjacent,east,east;south,floor_to_ceiling,0.0,1.79,3.0,True,0.59,1.79
model_468,468,three_north_south_west__conventional__overhang,9,three_facades,west,north;south;west,conventional,0.9,1.78,2.04,True,1.42,1.78
model_469,469,single_east__conventional__overhang,9,single,east,east,conventional,0.9,1.69,1.13,True,0.34,1.69
model_470,470,three_north_east_west__floor_to_ceiling__overhang,9,three_facades,north,north;east;west,floor_to_ceiling,0.0,1.49,3.0,True,0.56,1.49
model_471,471,opposite_east_west__floor_to_ceiling__overhang,9,two_opposite,east,east;west,floor_to_ceiling,0.0,1.39,3.0,True,0.75,1.39
model_472,472,single_east__floor_to_ceiling__overhang,9,single,east,east,floor_to_ceiling,0.0,1.9,3.0,True,0.38,1.9
model_473,473,adjacent_south_west__floor_to_ceiling__overhang,9,two_adjacent,south,south;west,floor_to_ceiling,0.0,1.43,3.0,True,1.07,1.43
model_474,474,adjacent_north_east__conventional__overhang,9,two_adjacent,north,north;east,conventional,0.9,1.07,1.68,True,1.4,1.07
model_475,475,three_north_east_south__floor_to_ceiling__no_overhang,9,three_facades,east,north;east;south,floor_to_ceiling,0.0,2.02,3.0,False,0.0,2.02
model_476,476,three_north_south_west__floor_to_ceiling__overhang,9,three_facades,west,north;south;west,floor_to_ceiling,0.0,1.01,3.0,True,1.25,1.01
model_477,477,three_east_south_west__floor_to_ceiling__no_overhang,9,three_facades,south,east;south;west,floor_to_ceiling,0.0,1.7,3.0,False,0.0,1.7
model_478,478,single_south__conventional__no_overhang,9,single,south,south,conventional,0.9,1.74,1.79,False,0.0,1.74
model_479,479,three_north_south_west__floor_to_ceiling__no_overhang,9,three_facades,west,north;south;west,floor_to_ceiling,0.0,0.93,3.0,False,0.0,0.93
model_480,480,adjacent_south_west__conventional__overhang,9,two_adjacent,south,south;west,conventional,0.9,1.91,1.75,True,0.62,1.91
model_481,481,opposite_east_west__conventional__overhang,9,two_opposite,east,east;west,conventional,0.9,1.53,1.99,True,1.28,1.53
model_482,482,opposite_north_south__conventional__no_overhang,9,two_opposite,north,north;south,conventional,0.9,1.6,1.37,False,0.0,1.6
model_483,483,three_east_south_west__floor_to_ceiling__overhang,9,three_facades,south,east;south;west,floor_to_ceiling,0.0,0.93,3.0,True,0.42,0.93
model_484,484,adjacent_north_east__floor_to_ceiling__overhang,9,two_adjacent,north,north;east,floor_to_ceiling,0.0,0.92,3.0,True,1.46,0.92
model_485,485,adjacent_south_west__floor_to_ceiling__no_overhang,9,two_adjacent,south,south;west,floor_to_ceiling,0.0,1.61,3.0,False,0.0,1.61
model_486,486,single_west__floor_to_ceiling__no_overhang,9,single,west,west,floor_to_ceiling,0.0,0.69,3.0,False,0.0,0.69
model_487,487,single_north__conventional__overhang,9,single,north,north,conventional,0.9,1.19,1.34,True,1.38,1.19
model_488,488,three_north_east_west__conventional__no_overhang,9,three_facades,north,north;east;west,conventional,0.9,0.97,1.55,False,0.0,0.97
model_489,489,adjacent_north_east__conventional__no_overhang,9,two_adjacent,north,north;east,conventional,0.9,2.23,1.9,False,0.0,2.23
model_490,490,opposite_east_west__conventional__no_overhang,9,two_opposite,east,east;west,conventional,0.9,0.84,1.53,False,0.0,0.84
model_491,491,adjacent_east_south__floor_to_ceiling__no_overhang,9,two_adjacent,east,east;south,floor_to_ceiling,0.0,1.76,3.0,False,0.0,1.76
model_492,492,single_east__conventional__no_overhang,9,single,east,east,conventional,0.9,1.9,1.28,False,0.0,1.9
model_493,493,single_west__conventional__overhang,9,single,west,west,conventional,0.9,2.29,1.32,True,1.3,2.29
model_494,494,opposite_north_south__conventional__overhang,9,two_opposite,north,north;south,conventional,0.9,0.86,0.97,True,0.74,0.86
model_495,495,adjacent_west_north__conventional__overhang,9,two_adjacent,west,west;north,conventional,0.9,0.73,1.45,True,0.55,0.73
model_496,496,single_north__conventional__no_overhang,9,single,north,north,conventional,0.9,2.12,2.04,False,0.0,2.12
model_497,497,adjacent_east_south__conventional__overhang,9,two_adjacent,east,east;south,conventional,0.9,2.3,1.67,True,0.54,2.3
model_498,498,three_north_east_west__conventional__overhang,9,three_facades,north,north;east;west,conventional,0.9,2.22,0.82,True,0.62,2.22
model_499,499,opposite_north_south__floor_to_ceiling__overhang,9,two_opposite,north,north;south,floor_to_ceiling,0.0,1.0,3.0,True,1.31,1.0
model_500,500,adjacent_north_east__floor_to_ceiling__no_overhang,9,two_adjacent,north,north;east,floor_to_ceiling,0.0,1.15,3.0,False,0.0,1.15
model_501,501,adjacent_west_north__conventional__no_overhang,9,two_adjacent,west,west;north,conventional,0.9,1.91,1.5,False,0.0,1.91
model_502,502,single_north__floor_to_ceiling__no_overhang,9,single,north,north,floor_to_ceiling,0.0,2.21,3.0,False,0.0,2.21
model_503,503,three_north_east_west__floor_to_ceiling__no_overhang,9,three_facades,north,north;east;west,floor_to_ceiling,0.0,2.23,3.0,False,0.0,2.23
model_504,504,single_south__conventional__overhang,9,single,south,south,conventional,0.9,0.91,0.79,True,0.86,0.91
model_505,505,single_south__conventional__overhang,10,single,south,south,conventional,0.9,0.64,1.79,True,0.99,0.64
model_506,506,three_north_east_west__floor_to_ceiling__no_overhang,10,three_facades,north,north;east;west,floor_to_ceiling,0.0,1.05,3.0,False,0.0,1.05
model_507,507,adjacent_west_north__conventional__no_overhang,10,two_adjacent,west,west;north,conventional,0.9,2.05,1.03,False,0.0,2.05
model_508,508,adjacent_south_west__floor_to_ceiling__no_overhang,10,two_adjacent,south,south;west,floor_to_ceiling,0.0,0.67,3.0,False,0.0,0.67
model_509,509,adjacent_north_east__floor_to_ceiling__overhang,10,two_adjacent,north,north;east,floor_to_ceiling,0.0,1.95,3.0,True,0.73,1.95
model_510,510,three_north_south_west__floor_to_ceiling__overhang,10,three_facades,west,north;south;west,floor_to_ceiling,0.0,2.11,3.0,True,1.07,2.11
model_511,511,single_north__floor_to_ceiling__overhang,10,single,north,north,floor_to_ceiling,0.0,0.86,3.0,True,1.0,0.86
model_512,512,three_north_south_west__conventional__overhang,10,three_facades,west,north;south;west,conventional,0.9,0.89,1.42,True,0.69,0.89
model_513,513,three_east_south_west__conventional__overhang,10,three_facades,south,east;south;west,conventional,0.9,1.72,1.84,True,1.43,1.72
model_514,514,three_north_east_west__conventional__overhang,10,three_facades,north,north;east;west,conventional,0.9,1.97,0.91,True,1.12,1.97
model_515,515,single_east__conventional__overhang,10,single,east,east,conventional,0.9,0.78,1.98,True,0.55,0.78
model_516,516,single_south__conventional__no_overhang,10,single,south,south,conventional,0.9,2.21,1.32,False,0.0,2.21
model_517,517,three_east_south_west__floor_to_ceiling__no_overhang,10,three_facades,south,east;south;west,floor_to_ceiling,0.0,0.9,3.0,False,0.0,0.9
model_518,518,single_east__conventional__no_overhang,10,single,east,east,conventional,0.9,0.84,2.03,False,0.0,0.84
model_519,519,opposite_north_south__conventional__no_overhang,10,two_opposite,north,north;south,conventional,0.9,1.25,1.69,False,0.0,1.25
model_520,520,adjacent_east_south__floor_to_ceiling__no_overhang,10,two_adjacent,east,east;south,floor_to_ceiling,0.0,1.02,3.0,False,0.0,1.02
model_521,521,opposite_north_south__floor_to_ceiling__no_overhang,10,two_opposite,north,north;south,floor_to_ceiling,0.0,1.7,3.0,False,0.0,1.7
model_522,522,adjacent_west_north__floor_to_ceiling__no_overhang,10,two_adjacent,west,west;north,floor_to_ceiling,0.0,1.78,3.0,False,0.0,1.78
model_523,523,single_west__conventional__overhang,10,single,west,west,conventional,0.9,1.78,1.71,True,0.5,1.78
model_524,524,adjacent_north_east__floor_to_ceiling__no_overhang,10,two_adjacent,north,north;east,floor_to_ceiling,0.0,1.77,3.0,False,0.0,1.77
model_525,525,adjacent_east_south__conventional__overhang,10,two_adjacent,east,east;south,conventional,0.9,0.95,0.69,True,0.35,0.95
model_526,526,adjacent_south_west__conventional__overhang,10,two_adjacent,south,south;west,conventional,0.9,2.15,0.81,True,0.92,2.15
model_527,527,single_south__floor_to_ceiling__overhang,10,single,south,south,floor_to_ceiling,0.0,0.78,3.0,True,1.22,0.78
model_528,528,single_west__conventional__no_overhang,10,single,west,west,conventional,0.9,1.19,1.24,False,0.0,1.19
model_529,529,single_north__conventional__overhang,10,single,north,north,conventional,0.9,1.95,1.92,True,0.51,1.95
model_530,530,three_north_east_south__conventional__overhang,10,three_facades,east,north;east;south,conventional,0.9,1.3,0.75,True,0.54,1.3
model_531,531,three_north_east_south__floor_to_ceiling__no_overhang,10,three_facades,east,north;east;south,floor_to_ceiling,0.0,1.32,3.0,False,0.0,1.32
model_532,532,single_west__floor_to_ceiling__no_overhang,10,single,west,west,floor_to_ceiling,0.0,1.91,3.0,False,0.0,1.91
model_533,533,opposite_north_south__floor_to_ceiling__overhang,10,two_opposite,north,north;south,floor_to_ceiling,0.0,2.29,3.0,True,1.15,2.29
model_534,534,opposite_east_west__conventional__no_overhang,10,two_opposite,east,east;west,conventional,0.9,0.68,1.87,False,0.0,0.68
model_535,535,three_east_south_west__floor_to_ceiling__overhang,10,three_facades,south,east;south;west,floor_to_ceiling,0.0,1.39,3.0,True,0.95,1.39
model_536,536,three_north_east_west__floor_to_ceiling__overhang,10,three_facades,north,north;east;west,floor_to_ceiling,0.0,1.65,3.0,True,0.51,1.65
model_537,537,adjacent_west_north__conventional__overhang,10,two_adjacent,west,west;north,conventional,0.9,1.87,1.82,True,0.79,1.87
model_538,538,opposite_east_west__floor_to_ceiling__no_overhang,10,two_opposite,east,east;west,floor_to_ceiling,0.0,2.33,3.0,False,0.0,2.33
model_539,539,adjacent_north_east__conventional__no_overhang,10,two_adjacent,north,north;east,conventional,0.9,1.81,1.64,False,0.0,1.81
model_540,540,single_east__floor_to_ceiling__overhang,10,single,east,east,floor_to_ceiling,0.0,1.37,3.0,True,0.97,1.37
model_541,541,three_north_east_south__floor_to_ceiling__overhang,10,three_facades,east,north;east;south,floor_to_ceiling,0.0,0.65,3.0,True,0.74,0.65
model_542,542,three_north_east_west__conventional__no_overhang,10,three_facades,north,north;east;west,conventional,0.9,1.33,0.82,False,0.0,1.33
model_543,543,three_east_south_west__conventional__no_overhang,10,three_facades,south,east;south;west,conventional,0.9,0.77,0.84,False,0.0,0.77
model_544,544,opposite_east_west__floor_to_ceiling__overhang,10,two_opposite,east,east;west,floor_to_ceiling,0.0,1.24,3.0,True,1.04,1.24
model_545,545,single_north__conventional__no_overhang,10,single,north,north,conventional,0.9,1.87,1.69,False,0.0,1.87
model_546,546,adjacent_south_west__conventional__no_overhang,10,two_adjacent,south,south;west,conventional,0.9,2.26,1.98,False,0.0,2.26
model_547,547,adjacent_east_south__floor_to_ceiling__overhang,10,two_adjacent,east,east;south,floor_to_ceiling,0.0,1.43,3.0,True,1.28,1.43
model_548,548,adjacent_north_east__conventional__overhang,10,two_adjacent,north,north;east,conventional,0.9,0.79,1.13,True,0.51,0.79
model_549,549,adjacent_south_west__floor_to_ceiling__overhang,10,two_adjacent,south,south;west,floor_to_ceiling,0.0,1.68,3.0,True,0.48,1.68
model_550,550,opposite_north_south__conventional__overhang,10,two_opposite,north,north;south,conventional,0.9,1.07,1.35,True,1.34,1.07
model_551,551,three_north_east_south__conventional__no_overhang,10,three_facades,east,north;east;south,conventional,0.9,2.06,1.7,False,0.0,2.06
model_552,552,adjacent_east_south__conventional__no_overhang,10,two_adjacent,east,east;south,conventional,0.9,1.47,0.7,False,0.0,1.47
model_553,553,single_south__floor_to_ceiling__no_overhang,10,single,south,south,floor_to_ceiling,0.0,0.62,3.0,False,0.0,0.62
model_554,554,three_north_south_west__floor_to_ceiling__no_overhang,10,three_facades,west,north;south;west,floor_to_ceiling,0.0,1.89,3.0,False,0.0,1.89
model_555,555,single_west__floor_to_ceiling__overhang,10,single,west,west,floor_to_ceiling,0.0,1.42,3.0,True,1.33,1.42
model_556,556,single_east__floor_to_ceiling__no_overhang,10,single,east,east,floor_to_ceiling,0.0,1.92,3.0,False,0.0,1.92
model_557,557,single_north__floor_to_ceiling__no_overhang,10,single,north,north,floor_to_ceiling,0.0,0.74,3.0,False,0.0,0.74
model_558,558,opposite_east_west__conventional__overhang,10,two_opposite,east,east;west,conventional,0.9,1.12,1.0,True,1.2,1.12
model_559,559,adjacent_west_north__floor_to_ceiling__overhang,10,two_adjacent,west,west;north,floor_to_ceiling,0.0,1.48,3.0,True,1.39,1.48
model_560,560,three_north_south_west__conventional__no_overhang,10,three_facades,west,north;south;west,conventional,0.9,1.33,1.87,False,0.0,1.33
